[
  {
    "id": 1,
    "title": "Book Title",
    "author": "Author Name",
    "description": "Book Description",
    "price": 19.99,
    "category": "Fiction",
    "publishedDate": "2023-01-01",
    "link": "http://example.com/book"
  },
  {
    "id": 3,
    "title": "西游记-修改",
    "author": "吴承恩-修改",
    "description": "西天取经看见对方历史记录离开技法卢卡斯-修改",
    "price": 192.99,
    "category": "Fiction-修改",
    "publishedDate": "1563-01-01-修改",
    "link": "http://example.com/book-修改"
  },
  {
    "id": 5,
    "title": "更新看就看",
    "author": "里斯",
    "description": "dsfw修改描述拉萨解放螺丝扣积分",
    "price": 192.99,
    "category": "Fiction",
    "publishedDate": "1563-01-01",
    "link": "http://example.com/book"
  },
  {
    "id": 6,
    "title": "前端新增",
    "author": "张三",
    "description": "的分解算法的理解是法律就是领导看附件是浪费大家 ",
    "price": "133",
    "category": "编程",
    "publishedDate": "2025-01-01",
    "link": "sfdfsf"
  },
  {
    "id": 7,
    "title": "遮天-修改1111",
    "author": "红毛怪",
    "description": "的护身符是否违法的",
    "price": "233",
    "category": "小说",
    "publishedDate": "2023-03-23",
    "link": "sdfsfsf"
  }
]